{
  "marketing_stripe": {
    "text": "Use o cupom Maite10 e ganhe 10% de desconto no seu pedido!",
    "link": "/promotion",
    "color": "#ffffff",
    "background": "#ffa5f4"
  },
  "contacts_stripe": {
    "pages": [
      {
        "title": "Páginas"
      }
    ],
    "phone_wpp": true,
    "socials": true
  },
  "categories_list": {
    "featured": [
      "/adesivos-e-fitas?Adesivos e Fitas",
      "/artes-e-pinturas?Artes e Pinturas",
      "/escrita?Escrita",
      "/organizacao?Organização",
      "/papelaria?Papelaria",
      "/papel-de-carta?Papel De Carta",
      "/chaveiros?Chaveiros"
    ],
    "random": 8,
    "full_width": true
  },
  "desktop_megamenu": false,
  "search_input": true,
  "alphabetical_order_submenu": true,
  "full_width_submenu": true
}