{
  "meta_title": "",
  "meta_description": "",
  "sections": [
    {
      "type": "banner-slider",
      "autoplay": 9000,
      "full_width": true,
      "slides": [
        {
          "start": "",
          "end": "",
          "img": "/img/uploads/rosa-papelaria-alfabetizacao-banner-para-canvas-1-.png",
          "mobile_img": "/img/uploads/rosa-papelaria-alfabetizacao-banner-para-canvas-1-.png"
        }
      ]
    },
    {
      "type": "info-bar",
      "enabled": true
    },
    {
      "type": "collection-shelf",
      "shuffle": true,
      "limit": 5,
      "page": 9,
      "sort": "views",
      "headless": true,
      "collection_id": null
    },
    {
      "type": "dynamic-showcase",
      "load_more": true,
      "sort": "views"
    }
  ]
}